Nama_File,Kelas,Mean_R,Mean_G,Mean_B,Std_R,Std_G,Std_B,Hist_R_bin0,Hist_R_bin1,Hist_R_bin2,Hist_R_bin3,Hist_R_bin4,Hist_R_bin5,Hist_R_bin6,Hist_R_bin7,Hist_R_bin8,Hist_R_bin9,Hist_G_bin0,Hist_G_bin1,Hist_G_bin2,Hist_G_bin3,Hist_G_bin4,Hist_G_bin5,Hist_G_bin6,Hist_G_bin7,Hist_G_bin8,Hist_G_bin9,Hist_B_bin0,Hist_B_bin1,Hist_B_bin2,Hist_B_bin3,Hist_B_bin4,Hist_B_bin5,Hist_B_bin6,Hist_B_bin7,Hist_B_bin8,Hist_B_bin9
100034.jpg,Aceh_Pintu_Aceh,54.82452392578125,56.953125,60.3828125,45.8195502296225,40.83827580233784,39.2205513468286,4308.0,5831.0,3149.0,912.0,710.0,537.0,357.0,278.0,185.0,117.0,3775.0,5013.0,3229.0,2345.0,931.0,512.0,307.0,148.0,92.0,32.0,2164.0,6268.0,3183.0,2039.0,1575.0,729.0,342.0,62.0,17.0,5.0
100029.jpg,Aceh_Pintu_Aceh,126.94110107421875,85.47998046875,81.54107666015625,82.45378905334618,50.92080789192966,47.65494769954812,3464.0,1777.0,408.0,432.0,638.0,1215.0,2785.0,1628.0,3091.0,946.0,666.0,4545.0,4193.0,1112.0,2357.0,1242.0,1308.0,563.0,324.0,74.0,787.0,6128.0,1364.0,2280.0,2292.0,2215.0,965.0,292.0,60.0,1.0
100026.jpg,Aceh_Pintu_Aceh,196.04669189453125,107.8955078125,96.03662109375,32.371205965003895,78.7944617748148,73.7318808959733,0.0,0.0,0.0,4.0,106.0,1234.0,4298.0,3798.0,3819.0,3125.0,2514.0,4555.0,794.0,521.0,566.0,1423.0,1358.0,1429.0,2987.0,237.0,1388.0,6471.0,1550.0,752.0,712.0,698.0,918.0,1497.0,2080.0,318.0
100030.jpg,Aceh_Pintu_Aceh,85.7230224609375,74.0023193359375,67.55792236328125,50.06019269657134,48.490765767699195,49.226537721971965,1873.0,2509.0,3293.0,2914.0,2629.0,1496.0,918.0,447.0,144.0,161.0,2677.0,3180.0,3459.0,2972.0,1870.0,956.0,770.0,291.0,92.0,117.0,3829.0,3082.0,3330.0,2377.0,1740.0,892.0,753.0,227.0,44.0,110.0
100020.jpg,Aceh_Pintu_Aceh,154.5152587890625,93.66180419921875,83.15338134765625,32.314500460643345,48.3936173807011,38.10963890132698,1.0,19.0,59.0,189.0,2476.0,7823.0,2631.0,1313.0,1412.0,461.0,38.0,1660.0,8106.0,1026.0,1605.0,1393.0,987.0,1071.0,452.0,46.0,72.0,1902.0,8571.0,2127.0,1141.0,1037.0,1115.0,353.0,66.0,0.0
10002.jpg,Aceh_Pintu_Aceh,146.80010986328125,110.57659912109375,114.40667724609375,45.659072225053755,44.5623547262319,42.99479275388522,7.0,515.0,728.0,1159.0,3238.0,3142.0,3081.0,2669.0,1569.0,276.0,24.0,781.0,3441.0,3826.0,2960.0,1973.0,1937.0,925.0,487.0,30.0,53.0,726.0,2379.0,3872.0,3673.0,2712.0,1365.0,1022.0,507.0,75.0
100027.jpg,Aceh_Pintu_Aceh,213.55120849609375,200.8126220703125,192.59185791015625,50.550196130787555,61.226838508690605,65.946549361353,0.0,6.0,68.0,484.0,1082.0,1122.0,1245.0,1281.0,1561.0,9535.0,7.0,263.0,687.0,703.0,984.0,1151.0,1163.0,1248.0,2069.0,8109.0,137.0,583.0,620.0,780.0,1054.0,1159.0,1207.0,1361.0,2605.0,6878.0
10004.jpg,Aceh_Pintu_Aceh,124.80389404296875,130.451416015625,111.67706298828125,55.71794645883158,52.16895565868975,55.702602524423654,183.0,2331.0,1836.0,1291.0,1773.0,2812.0,2220.0,3907.0,31.0,0.0,17.0,1683.0,1960.0,1488.0,1551.0,2653.0,2917.0,4115.0,0.0,0.0,308.0,2450.0,2668.0,2772.0,2063.0,1058.0,1614.0,3439.0,12.0,0.0
10003.jpg,Aceh_Pintu_Aceh,14.65252685546875,6.50665283203125,2.74774169921875,34.20754921151705,15.628486475947966,5.72324371154315,13850.0,502.0,736.0,543.0,382.0,171.0,119.0,59.0,21.0,1.0,14899.0,898.0,439.0,85.0,47.0,16.0,0.0,0.0,0.0,0.0,16111.0,265.0,8.0,0.0,0.0,0.0,0.0,0.0,0.0,0.0
100024.jpg,Aceh_Pintu_Aceh,72.114990234375,68.8046875,73.88818359375,74.52861276715137,74.98607658845012,72.48517205601247,3369.0,7390.0,1702.0,312.0,317.0,402.0,593.0,347.0,537.0,1415.0,4067.0,7660.0,758.0,309.0,322.0,418.0,609.0,503.0,359.0,1379.0,2957.0,6663.0,2780.0,313.0,308.0,411.0,710.0,609.0,293.0,1340.0
100016.jpg,Aceh_Pintu_Aceh,125.82965087890625,71.49578857421875,72.36273193359375,47.03292119357483,62.80720287704204,61.14265609850804,17.0,253.0,1241.0,4150.0,4633.0,2295.0,1358.0,818.0,797.0,822.0,3468.0,5218.0,2572.0,1432.0,1035.0,568.0,345.0,433.0,652.0,661.0,2542.0,6065.0,2748.0,1484.0,965.0,564.0,341.0,410.0,576.0,689.0
100013.jpg,Aceh_Pintu_Aceh,149.83203125,102.40008544921875,86.890869140625,55.934698859464895,62.655640407653905,57.33886584808418,493.0,241.0,705.0,1002.0,2878.0,4033.0,2206.0,1713.0,1462.0,1651.0,940.0,2556.0,4135.0,1854.0,1591.0,1283.0,1300.0,1227.0,1091.0,407.0,1309.0,4034.0,4058.0,1530.0,1359.0,1256.0,1177.0,1075.0,437.0,149.0
10008.jpg,Aceh_Pintu_Aceh,128.3582763671875,115.3470458984375,99.41668701171875,79.52770855547001,71.95889070658679,63.02258200158975,1443.0,3016.0,1773.0,832.0,831.0,902.0,1684.0,1829.0,2177.0,1897.0,837.0,3440.0,2109.0,2190.0,1299.0,865.0,1030.0,1449.0,2291.0,874.0,2222.0,3052.0,1683.0,1447.0,1782.0,2163.0,1953.0,1332.0,607.0,143.0
100021.jpg,Aceh_Pintu_Aceh,106.1663818359375,146.510986328125,160.6263427734375,59.87605221295161,41.45992101052572,32.681982302043735,16.0,1798.0,6430.0,2159.0,717.0,749.0,1154.0,1629.0,1611.0,121.0,0.0,30.0,484.0,1738.0,3269.0,4613.0,2455.0,1636.0,1864.0,295.0,0.0,5.0,122.0,584.0,1902.0,3625.0,5387.0,3156.0,1465.0,138.0
10001.jpg,Aceh_Pintu_Aceh,88.78399658203125,88.71002197265625,78.4100341796875,64.66995278492975,63.89231267754101,56.3036513831995,3878.0,2932.0,1299.0,1542.0,1822.0,1646.0,1386.0,969.0,603.0,307.0,4134.0,2662.0,1112.0,1522.0,1908.0,1819.0,1525.0,982.0,466.0,254.0,3091.0,4149.0,1874.0,1960.0,2016.0,1360.0,834.0,556.0,353.0,191.0
100036.jpg,Aceh_Pintu_Aceh,194.3363037109375,127.32159423828125,110.77569580078125,38.94734037987154,70.44857688313239,66.13224475633112,0.0,0.0,0.0,43.0,665.0,2237.0,3144.0,2700.0,3607.0,3988.0,511.0,3337.0,1611.0,1157.0,1074.0,1534.0,2228.0,1601.0,2743.0,588.0,661.0,3565.0,2422.0,1685.0,1658.0,1525.0,1398.0,1167.0,1947.0,356.0
100040.jpg,Aceh_Pintu_Aceh,149.68658447265625,120.92132568359375,131.29632568359375,55.74849769997077,74.04873520095607,74.02191264044855,0.0,12.0,703.0,3661.0,2998.0,1735.0,1821.0,1667.0,1904.0,1883.0,306.0,4825.0,1343.0,954.0,977.0,1126.0,2029.0,2035.0,1565.0,1224.0,39.0,3088.0,3062.0,1014.0,968.0,945.0,1299.0,1978.0,2224.0,1767.0
20008.jpg,Bali_Barong,84.74322509765625,70.67254638671875,83.476318359375,42.854291267368225,43.30893900190806,45.127870631513126,487.0,3409.0,3826.0,3622.0,2915.0,1046.0,378.0,224.0,476.0,1.0,1962.0,4172.0,3950.0,3199.0,1876.0,452.0,178.0,165.0,409.0,21.0,1447.0,3248.0,2846.0,3004.0,3316.0,1619.0,393.0,186.0,322.0,3.0
200036.jpg,Bali_Barong,77.52081298828125,137.5770263671875,132.24560546875,49.68202167541162,45.16640699507774,43.510500766793726,2410.0,3418.0,2173.0,5296.0,1446.0,470.0,301.0,353.0,200.0,317.0,13.0,431.0,1480.0,1936.0,2035.0,2325.0,5909.0,1128.0,666.0,461.0,34.0,518.0,1449.0,1915.0,2215.0,6926.0,1620.0,637.0,608.0,462.0
200039.jpg,Bali_Barong,171.46539306640625,140.576171875,93.7886962890625,64.8947899549393,58.774364824647584,53.4137319598112,14.0,1111.0,1374.0,848.0,782.0,827.0,1030.0,5668.0,1508.0,3222.0,165.0,2051.0,1000.0,838.0,1114.0,1552.0,5938.0,1573.0,1326.0,827.0,1830.0,2128.0,1930.0,1788.0,6087.0,983.0,495.0,342.0,247.0,554.0
200016.jpg,Bali_Barong,54.981201171875,165.854736328125,148.2667236328125,33.22234205829619,77.97903406017429,68.15816567335732,3106.0,5968.0,2793.0,2342.0,1949.0,210.0,12.0,4.0,0.0,0.0,2728.0,484.0,183.0,153.0,170.0,165.0,374.0,5960.0,3394.0,2773.0,2636.0,619.0,186.0,169.0,202.0,180.0,5810.0,3674.0,2895.0,13.0
200011.jpg,Bali_Barong,75.95782470703125,63.360595703125,76.7520751953125,46.10658445315512,43.856837743191626,48.1550325638028,500.0,5593.0,4127.0,2460.0,1505.0,801.0,545.0,349.0,501.0,3.0,2521.0,5789.0,3024.0,2297.0,1454.0,577.0,189.0,71.0,462.0,0.0,1834.0,4701.0,2766.0,1958.0,2366.0,1623.0,613.0,133.0,390.0,0.0
200031.jpg,Bali_Barong,134.63739013671875,119.29840087890625,110.4359130859375,82.70539459928064,81.54668268790041,79.54567522848082,2404.0,2261.0,754.0,567.0,824.0,1263.0,1608.0,1865.0,2796.0,2042.0,3655.0,1530.0,830.0,991.0,1242.0,1234.0,1467.0,1877.0,2425.0,1133.0,3543.0,2122.0,1183.0,1148.0,1197.0,1226.0,1357.0,1694.0,1962.0,952.0
200034.jpg,Bali_Barong,196.2640380859375,64.89849853515625,55.4813232421875,54.71473974009814,50.60027740948613,49.009739922115536,0.0,83.0,561.0,751.0,996.0,1209.0,1482.0,1991.0,3225.0,6086.0,1657.0,6367.0,4951.0,1248.0,473.0,608.0,259.0,155.0,37.0,629.0,2500.0,7930.0,3993.0,412.0,251.0,381.0,154.0,101.0,37.0,625.0
200027.jpg,Bali_Barong,108.4669189453125,83.94366455078125,80.43463134765625,80.67373242208052,62.95433351289617,53.91443325010029,4363.0,1440.0,1252.0,1042.0,906.0,1357.0,2146.0,1476.0,964.0,1438.0,4127.0,2059.0,2048.0,2229.0,2503.0,1540.0,359.0,200.0,489.0,830.0,806.0,5359.0,3307.0,2891.0,1739.0,537.0,301.0,419.0,526.0,499.0
200033.jpg,Bali_Barong,159.61029052734375,138.3018798828125,142.28277587890625,53.912091341686825,57.51424378928702,61.32909677739531,110.0,976.0,948.0,968.0,1190.0,1180.0,1830.0,6591.0,2586.0,5.0,791.0,1233.0,1208.0,1326.0,1371.0,1323.0,2626.0,6504.0,2.0,0.0,646.0,1538.0,1316.0,1202.0,1115.0,955.0,1807.0,7293.0,511.0,1.0
200030.jpg,Bali_Barong,77.9395751953125,61.0181884765625,50.19805908203125,77.78259974732366,75.46146792144324,69.33682098831765,7168.0,1067.0,1356.0,1370.0,1115.0,1048.0,748.0,914.0,520.0,1078.0,8143.0,1445.0,1367.0,1119.0,1094.0,592.0,876.0,495.0,354.0,899.0,9156.0,1648.0,1267.0,1042.0,707.0,795.0,409.0,270.0,452.0,638.0
20007.jpg,Bali_Barong,159.7044677734375,132.1871337890625,84.3162841796875,54.325669654034755,46.39748855095086,41.947975282882304,372.0,877.0,857.0,845.0,756.0,780.0,3376.0,5985.0,2468.0,68.0,529.0,1039.0,935.0,911.0,1814.0,5633.0,3030.0,2413.0,80.0,0.0,854.0,3135.0,4328.0,2353.0,2280.0,2397.0,1003.0,33.0,1.0,0.0
200038.jpg,Bali_Barong,159.7044677734375,132.1871337890625,84.3162841796875,54.325669654034755,46.39748855095086,41.947975282882304,372.0,877.0,857.0,845.0,756.0,780.0,3376.0,5985.0,2468.0,68.0,529.0,1039.0,935.0,911.0,1814.0,5633.0,3030.0,2413.0,80.0,0.0,854.0,3135.0,4328.0,2353.0,2280.0,2397.0,1003.0,33.0,1.0,0.0
20001.jpg,Bali_Barong,164.31494140625,160.60638427734375,157.3304443359375,64.66807382218498,65.41487498943688,66.74428072626033,48.0,1021.0,1405.0,856.0,1067.0,2584.0,1152.0,1977.0,3296.0,2978.0,73.0,1093.0,1450.0,963.0,1537.0,2183.0,1094.0,1723.0,3779.0,2489.0,175.0,829.0,1774.0,1308.0,1588.0,1818.0,1662.0,1493.0,3099.0,2638.0
200015.jpg,Bali_Barong,108.99737548828125,84.6646728515625,81.14898681640625,77.5117331746003,61.50778705337659,52.924338015619746,3865.0,1452.0,1472.0,1250.0,1018.0,1497.0,2188.0,1521.0,824.0,1297.0,3832.0,2028.0,2066.0,2484.0,2680.0,1456.0,357.0,220.0,562.0,699.0,928.0,4879.0,3233.0,3323.0,1702.0,590.0,339.0,430.0,557.0,403.0
200035.jpg,Bali_Barong,140.78753662109375,116.58203125,149.691162109375,61.750966381563835,53.580601378821896,60.672321294852004,48.0,1330.0,1438.0,1627.0,2593.0,2935.0,2061.0,1416.0,985.0,1951.0,236.0,1780.0,1716.0,2520.0,3963.0,2891.0,1454.0,699.0,249.0,876.0,76.0,803.0,1551.0,1542.0,1959.0,2316.0,2677.0,1979.0,1502.0,1979.0
20003.jpg,Bali_Barong,185.0592041015625,171.4273681640625,163.24395751953125,85.74019273449177,81.25160814518632,77.44429225066757,1919.0,715.0,498.0,428.0,432.0,429.0,476.0,525.0,1178.0,9784.0,2226.0,588.0,463.0,440.0,437.0,456.0,482.0,640.0,9049.0,1603.0,2297.0,565.0,496.0,431.0,451.0,459.0,503.0,1780.0,9033.0,369.0
20006.jpg,Bali_Barong,136.548095703125,119.22332763671875,117.170166015625,95.1181811744124,91.93106543093921,88.08179126090847,3615.0,1242.0,1074.0,776.0,721.0,1079.0,1417.0,1052.0,684.0,4724.0,3652.0,1529.0,1630.0,1611.0,1716.0,1085.0,308.0,169.0,526.0,4158.0,1102.0,4186.0,2365.0,2034.0,1229.0,409.0,263.0,349.0,527.0,3920.0
400025.jpg,DKI_Ondel_Ondel,173.37249755859375,101.4345703125,156.85498046875,82.51678763832395,70.02045593417277,47.55363146826887,26.0,1004.0,2614.0,1755.0,629.0,495.0,658.0,706.0,1082.0,7415.0,415.0,3452.0,5688.0,1016.0,808.0,955.0,799.0,833.0,938.0,1480.0,3.0,127.0,689.0,1053.0,2196.0,3281.0,4966.0,1145.0,1125.0,1799.0
400020.jpg,DKI_Ondel_Ondel,165.680908203125,58.73785400390625,71.99530029296875,46.057745331643645,66.09305789887571,60.66143126441913,537.0,380.0,283.0,308.0,549.0,1258.0,5661.0,5409.0,1497.0,502.0,9194.0,1014.0,750.0,698.0,795.0,1119.0,1972.0,745.0,95.0,2.0,2418.0,7421.0,1069.0,932.0,1135.0,949.0,972.0,807.0,458.0,223.0
40003.jpg,DKI_Ondel_Ondel,65.08502197265625,161.11614990234375,104.68182373046875,84.29025205836491,41.92120670033133,48.14983781423142,9982.0,551.0,591.0,522.0,587.0,529.0,632.0,896.0,1180.0,914.0,205.0,435.0,247.0,283.0,987.0,3080.0,6242.0,3184.0,946.0,775.0,542.0,687.0,3014.0,4681.0,4285.0,812.0,718.0,603.0,603.0,439.0
400021.jpg,DKI_Ondel_Ondel,88.87213134765625,176.2724609375,73.67559814453125,84.03965590333775,44.54979995656938,73.31117576100725,6622.0,1435.0,860.0,754.0,892.0,918.0,1076.0,1396.0,1663.0,768.0,59.0,261.0,463.0,408.0,851.0,1098.0,4137.0,5590.0,1671.0,1846.0,7316.0,1066.0,929.0,951.0,1415.0,1402.0,1389.0,1183.0,531.0,202.0
400015.jpg,DKI_Ondel_Ondel,204.408935546875,69.72735595703125,80.70135498046875,22.19976296765496,56.202668399675545,62.26704423663425,0.0,0.0,0.0,0.0,0.0,27.0,1661.0,6646.0,5662.0,2388.0,3777.0,5901.0,1033.0,1375.0,1023.0,970.0,1169.0,970.0,165.0,1.0,1789.0,7454.0,948.0,561.0,760.0,1806.0,1235.0,1257.0,572.0,2.0
400010.jpg,DKI_Ondel_Ondel,58.0286865234375,155.6143798828125,90.52581787109375,81.18437498396165,45.79730657268744,44.02551298279748,10530.0,652.0,655.0,581.0,456.0,495.0,478.0,688.0,748.0,1101.0,312.0,520.0,315.0,484.0,1838.0,2937.0,4709.0,3725.0,1114.0,430.0,760.0,1918.0,3517.0,4629.0,3410.0,628.0,580.0,478.0,333.0,131.0
400037.jpg,DKI_Ondel_Ondel,195.7989501953125,84.90899658203125,74.81402587890625,37.23515832515652,54.173365209870475,53.819257443136365,1.0,103.0,346.0,281.0,329.0,466.0,1357.0,5580.0,6277.0,1644.0,306.0,6316.0,3531.0,863.0,996.0,1402.0,1699.0,1016.0,194.0,61.0,1038.0,7916.0,1649.0,1196.0,1264.0,1257.0,1085.0,584.0,305.0,90.0
400039.jpg,DKI_Ondel_Ondel,143.1734619140625,106.5533447265625,100.0330810546875,82.60133935659537,71.19095577134095,54.33610097818032,21.0,4844.0,934.0,509.0,560.0,535.0,847.0,2200.0,2972.0,2962.0,1565.0,4011.0,1984.0,1227.0,977.0,939.0,1028.0,3111.0,1465.0,77.0,226.0,4364.0,1651.0,2819.0,1794.0,1874.0,2168.0,1100.0,340.0,48.0
400036.jpg,DKI_Ondel_Ondel,207.5169677734375,164.05340576171875,71.11053466796875,57.7232415278741,48.32233933068904,63.98484852812751,430.0,266.0,259.0,331.0,561.0,749.0,535.0,672.0,3565.0,9016.0,565.0,561.0,408.0,403.0,465.0,615.0,4600.0,7431.0,1137.0,199.0,6093.0,3020.0,1302.0,1142.0,1240.0,1048.0,1010.0,792.0,511.0,226.0
40008.jpg,DKI_Ondel_Ondel,163.59515380859375,77.77496337890625,39.78765869140625,38.174117994000824,32.567005080985695,36.533853181104625,42.0,523.0,422.0,452.0,453.0,1704.0,6080.0,6030.0,631.0,47.0,125.0,2365.0,8089.0,1917.0,2208.0,1180.0,431.0,68.0,1.0,0.0,9639.0,2023.0,1806.0,1505.0,892.0,339.0,124.0,54.0,2.0,0.0
400030.jpg,DKI_Ondel_Ondel,85.5511474609375,26.67840576171875,28.7734375,29.91161820210484,37.686850993289895,39.851862685107406,0.0,5.0,10479.0,809.0,2601.0,2350.0,135.0,5.0,0.0,0.0,12537.0,885.0,525.0,726.0,1327.0,376.0,8.0,0.0,0.0,0.0,12586.0,729.0,478.0,573.0,1336.0,662.0,20.0,0.0,0.0,0.0
400023.jpg,DKI_Ondel_Ondel,94.19659423828125,29.21337890625,30.6910400390625,30.402293078581152,38.987828650989655,41.24939337613085,0.0,0.0,9052.0,1432.0,1792.0,3874.0,229.0,5.0,0.0,0.0,12078.0,1192.0,564.0,695.0,1191.0,650.0,14.0,0.0,0.0,0.0,12260.0,906.0,529.0,586.0,1087.0,972.0,44.0,0.0,0.0,0.0
400035.jpg,DKI_Ondel_Ondel,82.757568359375,71.81805419921875,61.4486083984375,77.66678478810294,73.26410739471508,60.00633243371466,6847.0,919.0,747.0,923.0,1340.0,1065.0,1218.0,2737.0,562.0,26.0,7533.0,1236.0,957.0,851.0,901.0,879.0,1750.0,2224.0,53.0,0.0,7131.0,1637.0,1584.0,1514.0,1466.0,1337.0,1009.0,587.0,119.0,0.0
400013.jpg,DKI_Ondel_Ondel,76.96173095703125,139.40692138671875,162.85296630859375,28.330037129203856,48.64818598321151,45.27776470088196,919.0,1580.0,5531.0,5435.0,2280.0,574.0,59.0,5.0,1.0,0.0,296.0,979.0,1100.0,1343.0,1623.0,2313.0,4779.0,3741.0,208.0,2.0,2.0,298.0,869.0,996.0,1350.0,1635.0,3217.0,5386.0,2549.0,82.0
400014.jpg,DKI_Ondel_Ondel,183.54754638671875,134.31890869140625,46.48651123046875,42.674787753999695,32.47287846527875,54.12542683222694,38.0,417.0,356.0,362.0,667.0,924.0,1281.0,5566.0,6701.0,72.0,52.0,765.0,652.0,654.0,1478.0,9650.0,2575.0,554.0,4.0,0.0,9025.0,1232.0,1135.0,1378.0,1738.0,1198.0,540.0,128.0,10.0,0.0
400016.jpg,DKI_Ondel_Ondel,192.5062255859375,62.56842041015625,73.00970458984375,36.791884750685234,50.55242634019621,55.39174202028884,0.0,0.0,0.0,315.0,1260.0,910.0,1751.0,4175.0,6346.0,1627.0,3493.0,6560.0,1446.0,1476.0,1021.0,845.0,925.0,533.0,85.0,0.0,2370.0,6462.0,1985.0,1009.0,928.0,1445.0,1148.0,833.0,203.0,1.0
400031.jpg,DKI_Ondel_Ondel,195.9169921875,137.9359130859375,47.43023681640625,36.31289592533641,32.902112294705084,43.944220306345066,0.0,265.0,308.0,93.0,266.0,822.0,611.0,4488.0,8884.0,647.0,25.0,639.0,992.0,381.0,732.0,9167.0,3978.0,470.0,0.0,0.0,6808.0,3362.0,2645.0,1369.0,922.0,744.0,446.0,88.0,0.0,0.0
300011.jpg,Bali_Merak,134.6055908203125,113.36273193359375,93.78851318359375,68.33946733689959,58.042386731390565,47.371028005758156,6.0,3620.0,1469.0,570.0,1091.0,1934.0,2774.0,1971.0,1374.0,1575.0,51.0,4681.0,746.0,1121.0,2267.0,2913.0,2032.0,1555.0,1015.0,3.0,550.0,4420.0,1426.0,2429.0,2973.0,2326.0,1926.0,326.0,8.0,0.0
300032.jpg,Bali_Merak,76.8604736328125,78.05987548828125,76.4920654296875,79.09524281958893,74.7733302676713,71.9776691005757,5484.0,4058.0,662.0,505.0,582.0,926.0,1412.0,1256.0,934.0,565.0,5052.0,3537.0,874.0,885.0,1383.0,1391.0,968.0,938.0,846.0,510.0,4382.0,4223.0,1186.0,906.0,1406.0,1243.0,934.0,887.0,798.0,419.0
300013.jpg,Bali_Merak,135.021484375,114.24102783203125,108.52294921875,71.17709933723245,73.637430301591,56.653444331155704,94.0,3488.0,1191.0,943.0,1434.0,1682.0,1823.0,2104.0,2153.0,1472.0,3555.0,1104.0,771.0,1130.0,1893.0,2001.0,2141.0,1916.0,1214.0,659.0,19.0,2589.0,3614.0,2751.0,1670.0,1510.0,1664.0,1434.0,782.0,351.0
300027.jpg,Bali_Merak,96.3131103515625,58.99365234375,39.199462890625,83.30605932644693,56.29040396770914,42.728244643754245,4600.0,2562.0,888.0,716.0,926.0,1257.0,1667.0,1583.0,1366.0,819.0,6521.0,2263.0,1369.0,1791.0,2190.0,1422.0,462.0,127.0,118.0,121.0,8025.0,3007.0,2330.0,1562.0,755.0,335.0,170.0,127.0,66.0,7.0
300026.jpg,Bali_Merak,106.73651123046875,83.35723876953125,59.58868408203125,58.55732592817295,50.08334854866883,43.800227266203706,1795.0,1570.0,1693.0,1684.0,3041.0,3129.0,1604.0,1199.0,635.0,34.0,1916.0,2778.0,2245.0,3507.0,2969.0,1392.0,1032.0,384.0,161.0,0.0,3937.0,3609.0,4042.0,2217.0,1238.0,694.0,352.0,242.0,51.0,2.0
300029.jpg,Bali_Merak,148.49566650390625,125.183837890625,101.65460205078125,68.78845324309978,58.79889830525076,48.260585682646166,1.0,2676.0,1519.0,481.0,774.0,1514.0,2961.0,2626.0,1500.0,2332.0,24.0,3833.0,684.0,736.0,1869.0,3144.0,2733.0,1798.0,1555.0,8.0,501.0,3652.0,1182.0,2347.0,3007.0,2720.0,2425.0,526.0,23.0,1.0
300020.jpg,Bali_Merak,105.1273193359375,83.13812255859375,66.19146728515625,83.92128095547977,71.32525512290708,63.99790110345508,4874.0,1265.0,1049.0,948.0,1349.0,1310.0,1287.0,1370.0,1606.0,1326.0,5531.0,1347.0,1316.0,1485.0,1757.0,1656.0,1320.0,974.0,684.0,314.0,6423.0,1964.0,1775.0,1455.0,1464.0,1170.0,981.0,642.0,414.0,96.0
300038.jpg,Bali_Merak,143.35931396484375,131.4913330078125,133.0145263671875,82.78261316482934,86.56873030422018,82.83865246788841,621.0,2509.0,2083.0,1370.0,1243.0,824.0,495.0,1502.0,1401.0,4336.0,899.0,3357.0,2612.0,1230.0,765.0,472.0,306.0,1397.0,1222.0,4124.0,697.0,2331.0,3180.0,2076.0,831.0,396.0,288.0,1369.0,1316.0,3900.0
300040.jpg,Bali_Merak,107.27752685546875,90.894287109375,87.68701171875,80.40533646873565,74.86421175526982,73.39778804765798,4276.0,667.0,1058.0,1434.0,1611.0,1715.0,1872.0,1535.0,1267.0,949.0,4707.0,1329.0,1416.0,1553.0,1737.0,1656.0,1485.0,1135.0,864.0,502.0,4798.0,1442.0,1451.0,1654.0,1724.0,1598.0,1474.0,1054.0,755.0,434.0
300034.jpg,Bali_Merak,105.9918212890625,89.939697265625,74.44061279296875,81.7939674238682,69.02178806607402,56.40780393907297,3329.0,3182.0,1091.0,383.0,869.0,1419.0,2103.0,1681.0,1125.0,1202.0,3344.0,3977.0,495.0,785.0,1727.0,2291.0,1778.0,1222.0,763.0,2.0,3714.0,3714.0,1081.0,1897.0,2308.0,1927.0,1490.0,244.0,9.0,0.0
30004.jpg,Bali_Merak,85.74127197265625,65.61553955078125,61.17340087890625,69.46193184982364,60.15104141594806,54.094890928946946,3399.0,4953.0,785.0,773.0,1298.0,1911.0,1172.0,881.0,597.0,615.0,4771.0,5367.0,920.0,976.0,1257.0,1230.0,818.0,449.0,271.0,325.0,3203.0,7393.0,1177.0,1250.0,1175.0,824.0,515.0,331.0,299.0,217.0
300036.jpg,Bali_Merak,84.07537841796875,42.2703857421875,22.12017822265625,84.56867958426808,51.5289072574995,42.20109761267271,6674.0,1280.0,1002.0,754.0,876.0,1030.0,1497.0,1590.0,859.0,822.0,8496.0,1795.0,2624.0,1891.0,504.0,311.0,234.0,190.0,148.0,191.0,12165.0,2228.0,689.0,411.0,279.0,167.0,128.0,73.0,43.0,201.0
300017.jpg,Bali_Merak,104.41302490234375,89.3609619140625,75.32476806640625,83.69845299623215,73.86425011975962,65.96180725558933,5232.0,917.0,853.0,815.0,1070.0,1673.0,1925.0,1338.0,1410.0,1151.0,5664.0,801.0,852.0,1021.0,1674.0,2546.0,1770.0,1121.0,662.0,273.0,5958.0,927.0,1296.0,2041.0,2186.0,1534.0,1254.0,712.0,410.0,66.0
300039.jpg,Bali_Merak,107.27752685546875,90.894287109375,87.68701171875,80.40533646873565,74.86421175526982,73.39778804765798,4276.0,667.0,1058.0,1434.0,1611.0,1715.0,1872.0,1535.0,1267.0,949.0,4707.0,1329.0,1416.0,1553.0,1737.0,1656.0,1485.0,1135.0,864.0,502.0,4798.0,1442.0,1451.0,1654.0,1724.0,1598.0,1474.0,1054.0,755.0,434.0
300022.jpg,Bali_Merak,83.3973388671875,82.2939453125,84.471923828125,82.84632170629015,80.02238317523344,80.44414410090401,4655.0,3782.0,1822.0,844.0,460.0,392.0,1046.0,1135.0,955.0,1293.0,4102.0,2180.0,4495.0,1308.0,624.0,389.0,370.0,431.0,673.0,1812.0,4128.0,2326.0,3617.0,1585.0,730.0,611.0,433.0,438.0,752.0,1764.0
300015.jpg,Bali_Merak,152.14300537109375,78.07440185546875,61.79071044921875,79.26699172848792,69.03424651151512,65.90188674013308,1927.0,1380.0,759.0,577.0,587.0,898.0,1796.0,2995.0,2780.0,2685.0,4710.0,2933.0,2213.0,1847.0,1375.0,835.0,466.0,350.0,481.0,1174.0,5348.0,5336.0,2107.0,738.0,429.0,308.0,388.0,321.0,382.0,1027.0
30002.jpg,Bali_Merak,116.9932861328125,124.59075927734375,118.51849365234375,100.46899520692926,104.8938466149106,98.71876867072793,6337.0,155.0,245.0,668.0,823.0,737.0,943.0,1247.0,2085.0,3144.0,6321.0,148.0,122.0,291.0,826.0,874.0,726.0,928.0,1776.0,4372.0,6289.0,190.0,172.0,436.0,960.0,789.0,824.0,1417.0,2488.0,2819.0
600018.jpg,Jawa_Timur_Pring,78.7125244140625,97.7611083984375,107.75274658203125,56.30752483376158,65.79633371558083,53.36762574410194,981.0,7989.0,1071.0,1304.0,1549.0,1116.0,1017.0,825.0,393.0,139.0,328.0,7368.0,1049.0,520.0,761.0,1604.0,2102.0,1655.0,773.0,224.0,0.0,1140.0,5949.0,2412.0,1460.0,1619.0,1525.0,1130.0,814.0,335.0
600013.jpg,Jawa_Timur_Pring,102.89178466796875,78.444091796875,146.00103759765625,59.24967918299693,70.6052433598088,50.855802835350545,874.0,1031.0,4501.0,4337.0,1653.0,770.0,751.0,706.0,829.0,932.0,3810.0,4808.0,2318.0,940.0,666.0,637.0,760.0,716.0,894.0,835.0,17.0,593.0,838.0,900.0,3322.0,4801.0,2287.0,1111.0,947.0,1568.0
600022.jpg,Jawa_Timur_Pring,248.96148681640625,232.3653564453125,170.8890380859375,7.89619504123478,25.954682957074308,89.64146734587948,0.0,0.0,0.0,0.0,0.0,0.0,0.0,0.0,485.0,15899.0,0.0,0.0,0.0,0.0,0.0,0.0,0.0,4334.0,2164.0,9886.0,764.0,1723.0,1501.0,1302.0,939.0,477.0,469.0,542.0,800.0,7867.0
600032.jpg,Jawa_Timur_Pring,106.71673583984375,62.413330078125,83.91900634765625,50.43066503398888,59.61342698420554,45.616170968174956,2172.0,554.0,867.0,3194.0,4725.0,2196.0,1183.0,904.0,534.0,55.0,7704.0,2844.0,1034.0,621.0,931.0,819.0,1257.0,1046.0,128.0,0.0,1179.0,2603.0,3890.0,5199.0,856.0,725.0,921.0,861.0,150.0,0.0
600034.jpg,Jawa_Timur_Pring,91.28369140625,66.04296875,131.494873046875,55.38231238441922,64.38844375229746,53.17301803322082,1325.0,1439.0,4670.0,4898.0,1138.0,632.0,555.0,525.0,461.0,741.0,4063.0,6599.0,1551.0,707.0,640.0,516.0,549.0,531.0,565.0,663.0,18.0,1095.0,1614.0,1801.0,2728.0,4870.0,1747.0,646.0,664.0,1201.0
600012.jpg,Jawa_Timur_Pring,147.3658447265625,77.31463623046875,62.96441650390625,68.77943844459065,45.13616893071116,43.57686182651106,2401.0,579.0,397.0,359.0,364.0,655.0,3269.0,7175.0,1172.0,13.0,1119.0,2405.0,8603.0,574.0,428.0,1432.0,1203.0,499.0,120.0,1.0,593.0,10600.0,1152.0,556.0,1565.0,853.0,668.0,355.0,42.0,0.0
60009.jpg,Jawa_Timur_Pring,50.9212646484375,54.83819580078125,66.2396240234375,29.213801418551117,31.502538240473918,33.24327098344798,2982.0,6607.0,4276.0,1541.0,661.0,145.0,97.0,49.0,23.0,3.0,2823.0,5845.0,4649.0,1708.0,901.0,237.0,114.0,59.0,36.0,12.0,1067.0,4185.0,6444.0,2426.0,1353.0,593.0,176.0,75.0,45.0,20.0
600021.jpg,Jawa_Timur_Pring,174.963623046875,163.6075439453125,156.85467529296875,76.28917343475355,80.631797991771,83.82063507059031,752.0,1438.0,469.0,425.0,835.0,2048.0,1032.0,930.0,1090.0,7365.0,1601.0,688.0,507.0,2035.0,1069.0,821.0,926.0,822.0,1087.0,6828.0,1536.0,932.0,1987.0,1029.0,879.0,743.0,839.0,818.0,1469.0,6152.0
600039.jpg,Jawa_Timur_Pring,113.80145263671875,71.10516357421875,44.70343017578125,53.22756478248742,35.36653585104323,29.05026620789419,12.0,1639.0,3960.0,2545.0,1690.0,1811.0,2069.0,1873.0,709.0,76.0,665.0,5335.0,3850.0,2830.0,2632.0,732.0,263.0,64.0,13.0,0.0,5041.0,5295.0,3745.0,1529.0,572.0,171.0,26.0,5.0,0.0,0.0
600010.jpg,Jawa_Timur_Pring,158.48406982421875,133.6683349609375,102.7213134765625,61.63971692247258,66.22844105482073,63.87683724756057,459.0,760.0,835.0,1290.0,1634.0,1541.0,2155.0,2896.0,3204.0,1610.0,1132.0,1362.0,1503.0,1391.0,1553.0,2074.0,2617.0,1929.0,1735.0,1088.0,2111.0,2063.0,2040.0,2154.0,2631.0,1819.0,1154.0,1028.0,791.0,593.0
600020.jpg,Jawa_Timur_Pring,132.784912109375,134.28875732421875,129.65863037109375,58.12704971093702,56.76650392045379,54.77207172717559,1579.0,1105.0,847.0,818.0,954.0,1247.0,6171.0,3662.0,1.0,0.0,728.0,1985.0,1016.0,782.0,828.0,1190.0,6190.0,3664.0,1.0,0.0,1069.0,1031.0,1540.0,970.0,905.0,4025.0,3175.0,3668.0,1.0,0.0
600030.jpg,Jawa_Timur_Pring,145.4658203125,110.95599365234375,82.7640380859375,59.46254589214563,63.76079932626919,74.57647334557066,1142.0,748.0,855.0,938.0,1180.0,1788.0,2697.0,5685.0,1329.0,22.0,1966.0,1612.0,1196.0,2249.0,3767.0,1157.0,772.0,1830.0,1825.0,10.0,5458.0,2229.0,1581.0,1311.0,920.0,602.0,872.0,2125.0,1284.0,2.0
600037.jpg,Jawa_Timur_Pring,85.55389404296875,84.7530517578125,99.46527099609375,56.92010167187921,55.49863788062499,48.28614346105045,98.0,5908.0,4194.0,1206.0,1092.0,1073.0,1068.0,853.0,703.0,189.0,493.0,5207.0,4506.0,1266.0,1081.0,1155.0,1090.0,849.0,615.0,122.0,213.0,2215.0,3584.0,3366.0,3195.0,1255.0,1100.0,843.0,463.0,150.0
600038.jpg,Jawa_Timur_Pring,93.2633056640625,78.72308349609375,72.52362060546875,56.270275262656085,42.118139328697595,34.621455688923916,544.0,3988.0,4112.0,1515.0,1581.0,1783.0,1264.0,739.0,626.0,232.0,381.0,3735.0,5743.0,3069.0,1558.0,623.0,627.0,413.0,62.0,173.0,513.0,3425.0,6426.0,3788.0,1412.0,360.0,157.0,83.0,47.0,173.0
60001.jpg,Jawa_Timur_Pring,79.42919921875,80.158935546875,75.49224853515625,61.84512865554772,57.40780340542294,44.4794360126197,3210.0,5283.0,1269.0,810.0,1061.0,1726.0,1892.0,749.0,215.0,169.0,1855.0,6183.0,1758.0,844.0,1392.0,1963.0,1404.0,591.0,238.0,156.0,794.0,5421.0,3952.0,1705.0,2192.0,1388.0,493.0,189.0,135.0,115.0
600024.jpg,Jawa_Timur_Pring,178.63604736328125,150.41998291015625,125.62506103515625,75.9642381353719,82.48631703882683,92.79131694484997,2.0,236.0,2616.0,1465.0,819.0,831.0,1090.0,1092.0,1533.0,6700.0,48.0,1898.0,2754.0,1173.0,1532.0,1812.0,1222.0,358.0,227.0,5360.0,853.0,3757.0,2993.0,1940.0,983.0,339.0,196.0,89.0,48.0,5186.0
700022.jpg,Kalimantan_Dayak,43.78033447265625,30.52630615234375,7.17529296875,87.44164154037806,76.73377790935338,18.174203416822547,12907.0,269.0,125.0,122.0,127.0,128.0,150.0,206.0,302.0,2048.0,14102.0,230.0,57.0,47.0,47.0,58.0,49.0,80.0,83.0,1631.0,14974.0,687.0,374.0,234.0,94.0,17.0,3.0,1.0,0.0,0.0
70002.jpg,Kalimantan_Dayak,96.19171142578125,84.36712646484375,39.153564453125,93.12156454520941,82.14711116019409,47.757317031718934,6357.0,1170.0,910.0,715.0,673.0,773.0,1090.0,1334.0,1559.0,1803.0,6283.0,1354.0,1177.0,817.0,1063.0,1366.0,1334.0,1113.0,1136.0,741.0,8213.0,2768.0,2455.0,1582.0,678.0,192.0,103.0,72.0,98.0,223.0
700028.jpg,Kalimantan_Dayak,94.598388671875,85.2064208984375,38.65423583984375,112.19327038320357,107.59535761023743,77.64397391257036,9214.0,260.0,201.0,93.0,295.0,129.0,309.0,373.0,527.0,4983.0,9740.0,205.0,163.0,147.0,553.0,296.0,123.0,183.0,780.0,4194.0,11302.0,2651.0,333.0,87.0,38.0,39.0,58.0,44.0,116.0,1716.0
700030.jpg,Kalimantan_Dayak,159.47412109375,147.9141845703125,106.74078369140625,104.91976305212962,102.78138935631048,102.50786463143692,4374.0,480.0,265.0,325.0,385.0,250.0,313.0,449.0,1861.0,7682.0,4642.0,330.0,215.0,200.0,1341.0,642.0,629.0,410.0,2098.0,5877.0,5038.0,2653.0,1365.0,974.0,615.0,211.0,190.0,156.0,360.0,4822.0
700038.jpg,Kalimantan_Dayak,67.4371337890625,64.8033447265625,45.86273193359375,93.99403825003134,90.66458805881824,74.99384100854012,11171.0,462.0,90.0,390.0,259.0,71.0,59.0,150.0,866.0,2866.0,11162.0,517.0,364.0,289.0,100.0,61.0,193.0,455.0,1608.0,1635.0,11609.0,145.0,1344.0,733.0,374.0,524.0,59.0,23.0,43.0,1530.0
700024.jpg,Kalimantan_Dayak,124.45501708984375,111.93060302734375,113.8695068359375,62.286964489257514,66.60368448581136,65.78000249597191,1847.0,1346.0,1093.0,1386.0,1408.0,1673.0,3763.0,3403.0,439.0,26.0,2569.0,2349.0,1193.0,913.0,916.0,1491.0,3712.0,3104.0,137.0,0.0,2076.0,2607.0,1339.0,908.0,915.0,1494.0,3581.0,3289.0,175.0,0.0
700018.jpg,Kalimantan_Dayak,110.67169189453125,110.67169189453125,110.67169189453125,100.62131296338949,100.62131296338949,100.62131296338949,3303.0,1857.0,4705.0,259.0,246.0,280.0,259.0,236.0,362.0,4877.0,3303.0,1857.0,4705.0,259.0,246.0,280.0,259.0,236.0,362.0,4877.0,3303.0,1857.0,4705.0,259.0,246.0,280.0,259.0,236.0,362.0,4877.0
700037.jpg,Kalimantan_Dayak,71.38592529296875,66.97198486328125,46.31854248046875,93.82501126518348,89.32046800538217,74.04521510406458,10963.0,473.0,95.0,477.0,256.0,39.0,79.0,73.0,885.0,3044.0,11045.0,526.0,650.0,177.0,48.0,45.0,145.0,506.0,1646.0,1596.0,11455.0,239.0,1950.0,471.0,199.0,418.0,18.0,49.0,16.0,1569.0
700041.jpg,Kalimantan_Dayak,68.828857421875,66.22509765625,46.24462890625,94.80938747498591,91.42853355510707,75.87579617875997,11313.0,293.0,79.0,483.0,141.0,40.0,41.0,68.0,746.0,3180.0,11289.0,348.0,444.0,219.0,53.0,32.0,143.0,488.0,1680.0,1688.0,11616.0,120.0,1771.0,518.0,234.0,404.0,16.0,16.0,37.0,1652.0
700021.jpg,Kalimantan_Dayak,122.917724609375,108.38128662109375,110.7164306640625,61.386291630102846,66.62237491092785,65.69469724154514,1747.0,1295.0,1219.0,1736.0,1479.0,1512.0,3760.0,3212.0,409.0,15.0,2784.0,2392.0,1250.0,977.0,887.0,1462.0,3786.0,2728.0,118.0,0.0,2174.0,2771.0,1346.0,1021.0,903.0,1371.0,3725.0,2903.0,170.0,0.0
700035.jpg,Kalimantan_Dayak,85.23223876953125,84.1484375,22.7548828125,110.7890559803363,99.23703294887495,31.064562707951758,10071.0,472.0,128.0,42.0,129.0,83.0,167.0,222.0,518.0,4552.0,9246.0,310.0,130.0,149.0,348.0,864.0,189.0,737.0,2294.0,2117.0,11190.0,2101.0,1511.0,1270.0,293.0,19.0,0.0,0.0,0.0,0.0
700016.jpg,Kalimantan_Dayak,81.977294921875,58.2197265625,58.358154296875,106.44805516928515,97.50476093405923,97.11605478791827,9908.0,158.0,111.0,151.0,383.0,641.0,401.0,466.0,662.0,3503.0,11463.0,844.0,197.0,207.0,181.0,78.0,69.0,106.0,300.0,2939.0,11367.0,913.0,223.0,208.0,182.0,74.0,77.0,116.0,365.0,2859.0
70005.jpg,Kalimantan_Dayak,94.598388671875,85.2064208984375,38.65423583984375,112.19327038320357,107.59535761023743,77.64397391257036,9214.0,260.0,201.0,93.0,295.0,129.0,309.0,373.0,527.0,4983.0,9740.0,205.0,163.0,147.0,553.0,296.0,123.0,183.0,780.0,4194.0,11302.0,2651.0,333.0,87.0,38.0,39.0,58.0,44.0,116.0,1716.0
700040.jpg,Kalimantan_Dayak,98.10430908203125,81.73736572265625,86.5418701171875,83.32910237557185,83.52342503502632,81.5623006751559,5374.0,1652.0,608.0,408.0,724.0,1601.0,2021.0,2112.0,1639.0,245.0,7185.0,1765.0,496.0,335.0,510.0,1107.0,1507.0,1760.0,1521.0,198.0,5335.0,2878.0,1131.0,401.0,454.0,1044.0,1557.0,1808.0,1601.0,175.0
700023.jpg,Kalimantan_Dayak,100.76458740234375,83.617919921875,35.89892578125,96.13236870502874,81.67340556707107,45.13740727994276,6044.0,1285.0,1309.0,527.0,388.0,523.0,799.0,1464.0,1813.0,2232.0,6207.0,1530.0,1286.0,674.0,968.0,1364.0,1357.0,1122.0,1364.0,512.0,8385.0,3231.0,2664.0,1335.0,195.0,82.0,61.0,57.0,105.0,269.0
700019.jpg,Kalimantan_Dayak,72.9903564453125,62.58612060546875,20.9132080078125,95.06893458954758,91.22790443228506,34.574833374758,9063.0,500.0,831.0,729.0,808.0,555.0,353.0,434.0,588.0,2523.0,9887.0,995.0,923.0,318.0,320.0,297.0,353.0,417.0,828.0,2046.0,11758.0,1582.0,1467.0,845.0,458.0,217.0,52.0,4.0,1.0,0.0
